{
  "detectionPrecision": 0.3626373626373626,
  "detectionRecall": 0.4852941176470588,
  "providerAttributionAccuracy": 0.8214285714285714,
  "findingPrecision": 0.0625,
  "findingRecall": 0.3333333333333333
}
